Disease,Description
(vertigo) Paroymsal  Positional Vertigo (Acute),का एक विशिष्ट प्रकार. चिकित्सा देखभाल की आवश्यकता है.
(vertigo) Paroymsal  Positional Vertigo (Chronic),का एक विशिष्ट प्रकार. चिकित्सा देखभाल की आवश्यकता है.
(vertigo) Paroymsal  Positional Vertigo (Mild),का एक विशिष्ट प्रकार. चिकित्सा देखभाल की आवश्यकता है.
(vertigo) Paroymsal  Positional Vertigo (Severe),का एक विशिष्ट प्रकार. चिकित्सा देखभाल की आवश्यकता है.
(vertigo) Paroymsal  Positional Vertigo (Stage 1),का एक विशिष्ट प्रकार. चिकित्सा देखभाल की आवश्यकता है.
(vertigo) Paroymsal  Positional Vertigo,बेनाइन पैरॉक्सिस्मल पोजिशनल वर्टिगो (बीपीपीवी) वर्टिगो के सबसे आम कारणों में से एक है - अचानक महसूस होना कि आप घूम रहे हैं या आपके सिर का अंदरूनी हिस्सा घूम रहा है। सौम्य पैरॉक्सिस्मल पोजिशनल वर्टिगो के कारण हल्के से तीव्र चक्कर के संक्षिप्त एपिसोड होते हैं।
AIDS (Acute),एड्स का एक विशिष्ट प्रकार। चिकित्सा देखभाल की आवश्यकता है.
AIDS (Chronic),एड्स का एक विशिष्ट प्रकार। चिकित्सा देखभाल की आवश्यकता है.
AIDS (Mild),एड्स का एक विशिष्ट प्रकार। चिकित्सा देखभाल की आवश्यकता है.
AIDS (Severe),एड्स का एक विशिष्ट प्रकार। चिकित्सा देखभाल की आवश्यकता है.
AIDS (Stage 1),एड्स का एक विशिष्ट प्रकार। चिकित्सा देखभाल की आवश्यकता है.
AIDS,"एक्वायर्ड इम्युनोडेफिशिएंसी सिंड्रोम (एड्स) मानव इम्युनोडेफिशिएंसी वायरस (एचआईवी) के कारण होने वाली एक दीर्घकालिक, संभावित जीवन-घातक स्थिति है। आपकी प्रतिरक्षा प्रणाली को नुकसान पहुंचाकर, एचआईवी आपके शरीर की संक्रमण और बीमारी से लड़ने की क्षमता में हस्तक्षेप करता है।"
Acne (Acute),मुँहासे का एक विशिष्ट प्रकार। चिकित्सा देखभाल की आवश्यकता है.
Acne (Chronic),मुँहासे का एक विशिष्ट प्रकार। चिकित्सा देखभाल की आवश्यकता है.
Acne (Mild),मुँहासे का एक विशिष्ट प्रकार। चिकित्सा देखभाल की आवश्यकता है.
Acne (Severe),मुँहासे का एक विशिष्ट प्रकार। चिकित्सा देखभाल की आवश्यकता है.
Acne (Stage 1),मुँहासे का एक विशिष्ट प्रकार। चिकित्सा देखभाल की आवश्यकता है.
Acne,"मुँहासे वुल्गारिस पाइलोसेबेसियस इकाइयों (बालों के रोम और उनके साथ वसामय ग्रंथि) की रुकावट और सूजन के परिणामस्वरूप कॉमेडोन, पपल्स, पुस्ट्यूल, नोड्यूल और/या सिस्ट का निर्माण होता है। चेहरे और ऊपरी धड़ पर मुँहासे विकसित हो जाते हैं। यह अक्सर किशोरों को प्रभावित करता है।"
Alcoholic hepatitis (Acute),अल्कोहलिक हेपेटाइटिस का एक विशिष्ट प्रकार। चिकित्सा देखभाल की आवश्यकता है.
Alcoholic hepatitis (Chronic),अल्कोहलिक हेपेटाइटिस का एक विशिष्ट प्रकार। चिकित्सा देखभाल की आवश्यकता है.
Alcoholic hepatitis (Mild),अल्कोहलिक हेपेटाइटिस का एक विशिष्ट प्रकार। चिकित्सा देखभाल की आवश्यकता है.
Alcoholic hepatitis (Severe),अल्कोहलिक हेपेटाइटिस का एक विशिष्ट प्रकार। चिकित्सा देखभाल की आवश्यकता है.
Alcoholic hepatitis (Stage 1),अल्कोहलिक हेपेटाइटिस का एक विशिष्ट प्रकार। चिकित्सा देखभाल की आवश्यकता है.
Alcoholic hepatitis,"अल्कोहलिक हेपेटाइटिस लंबे समय तक भारी शराब के सेवन के कारण होने वाली लीवर की एक रोगग्रस्त, सूजन वाली स्थिति है। यह अत्यधिक शराब पीने और लगातार शराब के सेवन से भी बढ़ जाता है। यदि आपमें यह स्थिति विकसित हो जाए तो आपको शराब पीना बंद कर देना चाहिए"
Allergy (Acute),एलर्जी का एक विशिष्ट प्रकार। चिकित्सा देखभाल की आवश्यकता है.
Allergy (Chronic),एलर्जी का एक विशिष्ट प्रकार। चिकित्सा देखभाल की आवश्यकता है.
Allergy (Mild),एलर्जी का एक विशिष्ट प्रकार। चिकित्सा देखभाल की आवश्यकता है.
Allergy (Severe),एलर्जी का एक विशिष्ट प्रकार। चिकित्सा देखभाल की आवश्यकता है.
Allergy (Stage 1),एलर्जी का एक विशिष्ट प्रकार। चिकित्सा देखभाल की आवश्यकता है.
Allergy,"एलर्जी किसी विदेशी पदार्थ के प्रति प्रतिरक्षा प्रणाली की प्रतिक्रिया है जो आम तौर पर आपके शरीर के लिए हानिकारक नहीं होती है। इनमें कुछ खाद्य पदार्थ, परागकण, या पालतू जानवरों की रूसी शामिल हो सकती है। आपकी प्रतिरक्षा प्रणाली का काम हानिकारक रोगजनकों से लड़कर आपको स्वस्थ रखना है।"
Anemia (Acute),एनीमिया का एक विशिष्ट प्रकार। चिकित्सा देखभाल की आवश्यकता है.
Anemia (Chronic),एनीमिया का एक विशिष्ट प्रकार। चिकित्सा देखभाल की आवश्यकता है.
Anemia (Mild),एनीमिया का एक विशिष्ट प्रकार। चिकित्सा देखभाल की आवश्यकता है.
Anemia (Severe),एनीमिया का एक विशिष्ट प्रकार। चिकित्सा देखभाल की आवश्यकता है.
Anemia (Stage 1),एनीमिया का एक विशिष्ट प्रकार। चिकित्सा देखभाल की आवश्यकता है.
Anemia,"एक चिकित्सीय स्थिति जिसमें थकान, कमजोरी, त्वचा का पीला पड़ना शामिल है।"
Anxiety Disorder (Acute),चिंता विकार का एक विशिष्ट प्रकार। चिकित्सा देखभाल की आवश्यकता है.
Anxiety Disorder (Chronic),चिंता विकार का एक विशिष्ट प्रकार। चिकित्सा देखभाल की आवश्यकता है.
Anxiety Disorder (Mild),चिंता विकार का एक विशिष्ट प्रकार। चिकित्सा देखभाल की आवश्यकता है.
Anxiety Disorder (Severe),चिंता विकार का एक विशिष्ट प्रकार। चिकित्सा देखभाल की आवश्यकता है.
Anxiety Disorder (Stage 1),चिंता विकार का एक विशिष्ट प्रकार। चिकित्सा देखभाल की आवश्यकता है.
Anxiety Disorder,"एक चिकित्सीय स्थिति जिसमें घबराहट महसूस होना, बेचैनी महसूस होना, घबराहट होना शामिल है।"
Appendicitis (Acute),अपेंडिसाइटिस का एक विशिष्ट प्रकार। चिकित्सा देखभाल की आवश्यकता है.
Appendicitis (Chronic),अपेंडिसाइटिस का एक विशिष्ट प्रकार। चिकित्सा देखभाल की आवश्यकता है.
Appendicitis (Mild),अपेंडिसाइटिस का एक विशिष्ट प्रकार। चिकित्सा देखभाल की आवश्यकता है.
Appendicitis (Severe),अपेंडिसाइटिस का एक विशिष्ट प्रकार। चिकित्सा देखभाल की आवश्यकता है.
Appendicitis (Stage 1),अपेंडिसाइटिस का एक विशिष्ट प्रकार। चिकित्सा देखभाल की आवश्यकता है.
Appendicitis,"एक चिकित्सीय स्थिति जिसमें दाहिनी ओर अचानक दर्द होता है, खांसी होने पर दर्द बढ़ जाता है, मतली होती है।"
Arthritis (Acute),गठिया का एक विशिष्ट प्रकार। चिकित्सा देखभाल की आवश्यकता है.
Arthritis (Chronic),गठिया का एक विशिष्ट प्रकार। चिकित्सा देखभाल की आवश्यकता है.
Arthritis (Mild),गठिया का एक विशिष्ट प्रकार। चिकित्सा देखभाल की आवश्यकता है.
Arthritis (Severe),गठिया का एक विशिष्ट प्रकार। चिकित्सा देखभाल की आवश्यकता है.
Arthritis (Stage 1),गठिया का एक विशिष्ट प्रकार। चिकित्सा देखभाल की आवश्यकता है.
Arthritis,"गठिया आपके एक या अधिक जोड़ों की सूजन और कोमलता है। गठिया के मुख्य लक्षण जोड़ों का दर्द और जकड़न हैं, जो आमतौर पर उम्र के साथ बदतर होते जाते हैं। गठिया के सबसे आम प्रकार ऑस्टियोआर्थराइटिस और रुमेटीइड गठिया हैं।"
Bronchial Asthma (Acute),ब्रोन्कियल अस्थमा का एक विशिष्ट प्रकार। चिकित्सा देखभाल की आवश्यकता है.
Bronchial Asthma (Chronic),ब्रोन्कियल अस्थमा का एक विशिष्ट प्रकार। चिकित्सा देखभाल की आवश्यकता है.
Bronchial Asthma (Mild),ब्रोन्कियल अस्थमा का एक विशिष्ट प्रकार। चिकित्सा देखभाल की आवश्यकता है.
Bronchial Asthma (Severe),ब्रोन्कियल अस्थमा का एक विशिष्ट प्रकार। चिकित्सा देखभाल की आवश्यकता है.
Bronchial Asthma (Stage 1),ब्रोन्कियल अस्थमा का एक विशिष्ट प्रकार। चिकित्सा देखभाल की आवश्यकता है.
Bronchial Asthma,"ब्रोन्कियल अस्थमा एक चिकित्सीय स्थिति है जिसके कारण फेफड़ों का वायुमार्ग सूज जाता है और संकीर्ण हो जाता है। इस सूजन के कारण, वायुमार्ग में अतिरिक्त बलगम पैदा होता है जिससे सांस लेना मुश्किल हो जाता है, जिसके परिणामस्वरूप खांसी, छोटी सांस और घरघराहट होती है। यह बीमारी पुरानी है और दैनिक कामकाज में बाधा डालती है।"
Bronchitis (Acute),ब्रोंकाइटिस का एक विशिष्ट प्रकार। चिकित्सा देखभाल की आवश्यकता है.
Bronchitis (Chronic),ब्रोंकाइटिस का एक विशिष्ट प्रकार। चिकित्सा देखभाल की आवश्यकता है.
Bronchitis (Mild),ब्रोंकाइटिस का एक विशिष्ट प्रकार। चिकित्सा देखभाल की आवश्यकता है.
Bronchitis (Severe),ब्रोंकाइटिस का एक विशिष्ट प्रकार। चिकित्सा देखभाल की आवश्यकता है.
Bronchitis (Stage 1),ब्रोंकाइटिस का एक विशिष्ट प्रकार। चिकित्सा देखभाल की आवश्यकता है.
Bronchitis,"एक चिकित्सीय स्थिति जिसमें खांसी, बलगम का उत्पादन, थकान शामिल है।"
COVID-19 (Acute),COVID-19 का एक विशिष्ट प्रकार। चिकित्सा देखभाल की आवश्यकता है.
COVID-19 (Chronic),COVID-19 का एक विशिष्ट प्रकार। चिकित्सा देखभाल की आवश्यकता है.
COVID-19 (Mild),COVID-19 का एक विशिष्ट प्रकार। चिकित्सा देखभाल की आवश्यकता है.
COVID-19 (Severe),COVID-19 का एक विशिष्ट प्रकार। चिकित्सा देखभाल की आवश्यकता है.
COVID-19 (Stage 1),COVID-19 का एक विशिष्ट प्रकार। चिकित्सा देखभाल की आवश्यकता है.
COVID-19,"एक चिकित्सीय स्थिति जिसमें बुखार, खांसी, थकान होती है।"
Cataracts (Acute),मोतियाबिंद का एक विशिष्ट प्रकार। चिकित्सा देखभाल की आवश्यकता है.
Cataracts (Chronic),मोतियाबिंद का एक विशिष्ट प्रकार। चिकित्सा देखभाल की आवश्यकता है.
Cataracts (Mild),मोतियाबिंद का एक विशिष्ट प्रकार। चिकित्सा देखभाल की आवश्यकता है.
Cataracts (Severe),मोतियाबिंद का एक विशिष्ट प्रकार। चिकित्सा देखभाल की आवश्यकता है.
Cataracts (Stage 1),मोतियाबिंद का एक विशिष्ट प्रकार। चिकित्सा देखभाल की आवश्यकता है.
Cataracts,"एक चिकित्सीय स्थिति जिसमें दृष्टि में देरी या धुंधलापन, रात में दृष्टि में कठिनाई बढ़ना, प्रकाश के प्रति संवेदनशीलता शामिल है।"
Cervical spondylosis (Acute),सर्वाइकल स्पोंडिलोसिस का एक विशिष्ट प्रकार। चिकित्सा देखभाल की आवश्यकता है.
Cervical spondylosis (Chronic),सर्वाइकल स्पोंडिलोसिस का एक विशिष्ट प्रकार। चिकित्सा देखभाल की आवश्यकता है.
Cervical spondylosis (Mild),सर्वाइकल स्पोंडिलोसिस का एक विशिष्ट प्रकार। चिकित्सा देखभाल की आवश्यकता है.
Cervical spondylosis (Severe),सर्वाइकल स्पोंडिलोसिस का एक विशिष्ट प्रकार। चिकित्सा देखभाल की आवश्यकता है.
Cervical spondylosis (Stage 1),सर्वाइकल स्पोंडिलोसिस का एक विशिष्ट प्रकार। चिकित्सा देखभाल की आवश्यकता है.
Cervical spondylosis,"सर्वाइकल स्पोंडिलोसिस आपकी गर्दन में स्पाइनल डिस्क को प्रभावित करने वाली उम्र से संबंधित टूट-फूट के लिए एक सामान्य शब्द है। जैसे-जैसे डिस्क निर्जलित और सिकुड़ती है, ऑस्टियोआर्थराइटिस के लक्षण विकसित होते हैं, जिसमें हड्डियों के किनारों पर हड्डी का उभार (हड्डी स्पर्स) भी शामिल है।"
Chicken pox (Acute),चिकनपॉक्स का एक विशिष्ट प्रकार। चिकित्सा देखभाल की आवश्यकता है.
Chicken pox (Chronic),चिकनपॉक्स का एक विशिष्ट प्रकार। चिकित्सा देखभाल की आवश्यकता है.
Chicken pox (Mild),चिकनपॉक्स का एक विशिष्ट प्रकार। चिकित्सा देखभाल की आवश्यकता है.
Chicken pox (Severe),चिकनपॉक्स का एक विशिष्ट प्रकार। चिकित्सा देखभाल की आवश्यकता है.
Chicken pox (Stage 1),चिकनपॉक्स का एक विशिष्ट प्रकार। चिकित्सा देखभाल की आवश्यकता है.
Chicken pox,"चिकनपॉक्स एक अत्यधिक संक्रामक बीमारी है जो वैरिसेला-ज़ोस्टर वायरस (वीजेडवी) के कारण होती है। इससे खुजली, छाले जैसे दाने हो सकते हैं। दाने पहले छाती, पीठ और चेहरे पर दिखाई देते हैं, और फिर पूरे शरीर में फैल जाते हैं, जिससे 250 से 500 तक खुजली वाले छाले हो जाते हैं।"
Chikungunya,तमिलनाडु/उष्णकटिबंधीय क्षेत्रों में सामान्य स्थिति। चिकनगुनिया के लिए समय पर देखभाल की आवश्यकता होती है।
Cholera (Acute),हैजा का एक विशिष्ट प्रकार। चिकित्सा देखभाल की आवश्यकता है.
Cholera (Chronic),हैजा का एक विशिष्ट प्रकार। चिकित्सा देखभाल की आवश्यकता है.
Cholera (Mild),हैजा का एक विशिष्ट प्रकार। चिकित्सा देखभाल की आवश्यकता है.
Cholera (Severe),हैजा का एक विशिष्ट प्रकार। चिकित्सा देखभाल की आवश्यकता है.
Cholera (Stage 1),हैजा का एक विशिष्ट प्रकार। चिकित्सा देखभाल की आवश्यकता है.
Cholera,"एक चिकित्सीय स्थिति जिसमें दस्त, मतली, उल्टी होती है।"
Chronic cholestasis (Acute),क्रोनिक कोलेस्टेसिस का एक विशिष्ट प्रकार। चिकित्सा देखभाल की आवश्यकता है.
Chronic cholestasis (Chronic),क्रोनिक कोलेस्टेसिस का एक विशिष्ट प्रकार। चिकित्सा देखभाल की आवश्यकता है.
Chronic cholestasis (Mild),क्रोनिक कोलेस्टेसिस का एक विशिष्ट प्रकार। चिकित्सा देखभाल की आवश्यकता है.
Chronic cholestasis (Severe),क्रोनिक कोलेस्टेसिस का एक विशिष्ट प्रकार। चिकित्सा देखभाल की आवश्यकता है.
Chronic cholestasis (Stage 1),क्रोनिक कोलेस्टेसिस का एक विशिष्ट प्रकार। चिकित्सा देखभाल की आवश्यकता है.
Chronic cholestasis,"क्रोनिक कोलेस्टेटिक रोग, चाहे वे शैशवावस्था, बचपन या वयस्कता में होते हों, यकृत से आंत तक दोषपूर्ण पित्त एसिड परिवहन के कारण होते हैं, जो ज्यादातर मामलों में पित्त उपकला को प्राथमिक क्षति के कारण होता है।"
Common Cold (Acute),सामान्य सर्दी का एक विशिष्ट प्रकार। चिकित्सा देखभाल की आवश्यकता है.
Common Cold (Chronic),सामान्य सर्दी का एक विशिष्ट प्रकार। चिकित्सा देखभाल की आवश्यकता है.
Common Cold (Mild),सामान्य सर्दी का एक विशिष्ट प्रकार। चिकित्सा देखभाल की आवश्यकता है.
Common Cold (Severe),सामान्य सर्दी का एक विशिष्ट प्रकार। चिकित्सा देखभाल की आवश्यकता है.
Common Cold (Stage 1),सामान्य सर्दी का एक विशिष्ट प्रकार। चिकित्सा देखभाल की आवश्यकता है.
Common Cold,"सामान्य सर्दी आपकी नाक और गले (ऊपरी श्वसन पथ) का एक वायरल संक्रमण है। यह आमतौर पर हानिरहित होता है, हालाँकि ऐसा महसूस नहीं हो सकता है। कई प्रकार के वायरस सामान्य सर्दी का कारण बन सकते हैं।"
Conjunctivitis (Pink Eye) (Acute),नेत्रश्लेष्मलाशोथ का एक विशिष्ट प्रकार। चिकित्सा देखभाल की आवश्यकता है.
Conjunctivitis (Pink Eye) (Chronic),नेत्रश्लेष्मलाशोथ का एक विशिष्ट प्रकार। चिकित्सा देखभाल की आवश्यकता है.
Conjunctivitis (Pink Eye) (Mild),नेत्रश्लेष्मलाशोथ का एक विशिष्ट प्रकार। चिकित्सा देखभाल की आवश्यकता है.
Conjunctivitis (Pink Eye) (Severe),नेत्रश्लेष्मलाशोथ का एक विशिष्ट प्रकार। चिकित्सा देखभाल की आवश्यकता है.
Conjunctivitis (Pink Eye) (Stage 1),नेत्रश्लेष्मलाशोथ का एक विशिष्ट प्रकार। चिकित्सा देखभाल की आवश्यकता है.
Conjunctivitis (Pink Eye),"एक चिकित्सीय स्थिति जिसमें एक या दोनों आँखों में लालिमा, एक या दोनों आँखों में खुजली, फटना शामिल है।"
Dengue (Acute),डेंगू का एक विशिष्ट प्रकार। चिकित्सा देखभाल की आवश्यकता है.
Dengue (Chronic),डेंगू का एक विशिष्ट प्रकार। चिकित्सा देखभाल की आवश्यकता है.
Dengue (Mild),डेंगू का एक विशिष्ट प्रकार। चिकित्सा देखभाल की आवश्यकता है.
Dengue (Severe),डेंगू का एक विशिष्ट प्रकार। चिकित्सा देखभाल की आवश्यकता है.
Dengue (Stage 1),डेंगू का एक विशिष्ट प्रकार। चिकित्सा देखभाल की आवश्यकता है.
Dengue,"फ्लेविवायरस (जीनस फ्लेविवायरस की प्रजाति डेंगू वायरस) के कारण होने वाला एक तीव्र संक्रामक रोग, जो एडीज मच्छरों द्वारा फैलता है, और इसमें सिरदर्द, गंभीर जोड़ों का दर्द और दाने होते हैं। - इसे हड्डी तोड़ बुखार, डेंगू बुखार भी कहा जाता है।"
Depression (Acute),अवसाद का एक विशिष्ट प्रकार. चिकित्सा देखभाल की आवश्यकता है.
Depression (Chronic),अवसाद का एक विशिष्ट प्रकार. चिकित्सा देखभाल की आवश्यकता है.
Depression (Mild),अवसाद का एक विशिष्ट प्रकार. चिकित्सा देखभाल की आवश्यकता है.
Depression (Severe),अवसाद का एक विशिष्ट प्रकार. चिकित्सा देखभाल की आवश्यकता है.
Depression (Stage 1),अवसाद का एक विशिष्ट प्रकार. चिकित्सा देखभाल की आवश्यकता है.
Depression,"एक चिकित्सीय स्थिति जिसमें निराशा, रुचि की हानि, थकान होती है।"
Diabetes  (Acute),मधुमेह का एक विशिष्ट प्रकार। चिकित्सा देखभाल की आवश्यकता है.
Diabetes  (Chronic),मधुमेह का एक विशिष्ट प्रकार। चिकित्सा देखभाल की आवश्यकता है.
Diabetes  (Mild),मधुमेह का एक विशिष्ट प्रकार। चिकित्सा देखभाल की आवश्यकता है.
Diabetes  (Severe),मधुमेह का एक विशिष्ट प्रकार। चिकित्सा देखभाल की आवश्यकता है.
Diabetes  (Stage 1),मधुमेह का एक विशिष्ट प्रकार। चिकित्सा देखभाल की आवश्यकता है.
Diabetes ,"मधुमेह एक ऐसी बीमारी है जो तब होती है जब आपका रक्त ग्लूकोज, जिसे रक्त शर्करा भी कहा जाता है, बहुत अधिक हो जाता है। रक्त ग्लूकोज आपकी ऊर्जा का मुख्य स्रोत है और आपके द्वारा खाए जाने वाले भोजन से आता है। इंसुलिन, अग्न्याशय द्वारा बनाया गया एक हार्मोन, भोजन से ग्लूकोज को ऊर्जा के लिए उपयोग करने के लिए आपकी कोशिकाओं में जाने में मदद करता है।"
Diabetic Foot Ulcer,तमिलनाडु/उष्णकटिबंधीय क्षेत्रों में सामान्य स्थिति। डायबिटिक फुट अल्सर के लिए समय पर देखभाल की आवश्यकता होती है।
Dimorphic hemmorhoids(piles) (Acute),डिमॉर्फिक बवासीर का एक विशिष्ट प्रकार। चिकित्सा देखभाल की आवश्यकता है.
Dimorphic hemmorhoids(piles) (Chronic),डिमॉर्फिक बवासीर का एक विशिष्ट प्रकार। चिकित्सा देखभाल की आवश्यकता है.
Dimorphic hemmorhoids(piles) (Mild),डिमॉर्फिक बवासीर का एक विशिष्ट प्रकार। चिकित्सा देखभाल की आवश्यकता है.
Dimorphic hemmorhoids(piles) (Severe),डिमॉर्फिक बवासीर का एक विशिष्ट प्रकार। चिकित्सा देखभाल की आवश्यकता है.
Dimorphic hemmorhoids(piles) (Stage 1),डिमॉर्फिक बवासीर का एक विशिष्ट प्रकार। चिकित्सा देखभाल की आवश्यकता है.
Dimorphic hemmorhoids(piles),डिमॉर्फिक बवासीर का एक विशिष्ट प्रकार। चिकित्सा देखभाल की आवश्यकता है.
Diphtheria (Acute),डिप्थीरिया का एक विशिष्ट प्रकार। चिकित्सा देखभाल की आवश्यकता है.
Diphtheria (Chronic),डिप्थीरिया का एक विशिष्ट प्रकार। चिकित्सा देखभाल की आवश्यकता है.
Diphtheria (Mild),डिप्थीरिया का एक विशिष्ट प्रकार। चिकित्सा देखभाल की आवश्यकता है.
Diphtheria (Severe),डिप्थीरिया का एक विशिष्ट प्रकार। चिकित्सा देखभाल की आवश्यकता है.
Diphtheria (Stage 1),डिप्थीरिया का एक विशिष्ट प्रकार। चिकित्सा देखभाल की आवश्यकता है.
Diphtheria,"एक चिकित्सीय स्थिति जिसमें गले को ढकने वाली मोटी भूरे रंग की झिल्ली, गले में खराश, सूजी हुई ग्रंथियाँ होती हैं।"
Drug Reaction (Acute),ड्रग रिएक्शन का एक विशिष्ट प्रकार। चिकित्सा देखभाल की आवश्यकता है.
Drug Reaction (Chronic),ड्रग रिएक्शन का एक विशिष्ट प्रकार। चिकित्सा देखभाल की आवश्यकता है.
Drug Reaction (Mild),ड्रग रिएक्शन का एक विशिष्ट प्रकार। चिकित्सा देखभाल की आवश्यकता है.
Drug Reaction (Severe),ड्रग रिएक्शन का एक विशिष्ट प्रकार। चिकित्सा देखभाल की आवश्यकता है.
Drug Reaction (Stage 1),ड्रग रिएक्शन का एक विशिष्ट प्रकार। चिकित्सा देखभाल की आवश्यकता है.
Drug Reaction,प्रतिकूल दवा प्रतिक्रिया (एडीआर) दवा लेने के कारण होने वाली चोट है। एडीआर किसी दवा की एक खुराक या लंबे समय तक सेवन के बाद या दो या दो से अधिक दवाओं के संयोजन के परिणामस्वरूप हो सकता है।
Ebola (Acute),इबोला का एक विशिष्ट प्रकार. चिकित्सा देखभाल की आवश्यकता है.
Ebola (Chronic),इबोला का एक विशिष्ट प्रकार. चिकित्सा देखभाल की आवश्यकता है.
Ebola (Mild),इबोला का एक विशिष्ट प्रकार. चिकित्सा देखभाल की आवश्यकता है.
Ebola (Severe),इबोला का एक विशिष्ट प्रकार. चिकित्सा देखभाल की आवश्यकता है.
Ebola (Stage 1),इबोला का एक विशिष्ट प्रकार. चिकित्सा देखभाल की आवश्यकता है.
Ebola,"एक चिकित्सीय स्थिति जिसमें बुखार, गंभीर सिरदर्द, जोड़ों और मांसपेशियों में दर्द होता है।"
Eczema (Acute),एक्जिमा का एक विशिष्ट प्रकार। चिकित्सा देखभाल की आवश्यकता है.
Eczema (Chronic),एक्जिमा का एक विशिष्ट प्रकार। चिकित्सा देखभाल की आवश्यकता है.
Eczema (Mild),एक्जिमा का एक विशिष्ट प्रकार। चिकित्सा देखभाल की आवश्यकता है.
Eczema (Severe),एक्जिमा का एक विशिष्ट प्रकार। चिकित्सा देखभाल की आवश्यकता है.
Eczema (Stage 1),एक्जिमा का एक विशिष्ट प्रकार। चिकित्सा देखभाल की आवश्यकता है.
Eczema,"एक चिकित्सीय स्थिति जिसमें शुष्क त्वचा, खुजली, लाल से भूरे रंग के धब्बे होते हैं।"
Fibromyalgia (Acute),फाइब्रोमायल्जिया का एक विशिष्ट प्रकार। चिकित्सा देखभाल की आवश्यकता है.
Fibromyalgia (Chronic),फाइब्रोमायल्जिया का एक विशिष्ट प्रकार। चिकित्सा देखभाल की आवश्यकता है.
Fibromyalgia (Mild),फाइब्रोमायल्जिया का एक विशिष्ट प्रकार। चिकित्सा देखभाल की आवश्यकता है.
Fibromyalgia (Severe),फाइब्रोमायल्जिया का एक विशिष्ट प्रकार। चिकित्सा देखभाल की आवश्यकता है.
Fibromyalgia (Stage 1),फाइब्रोमायल्जिया का एक विशिष्ट प्रकार। चिकित्सा देखभाल की आवश्यकता है.
Fibromyalgia,"व्यापक दर्द, थकान, संज्ञानात्मक कठिनाइयों की विशेषता वाली एक चिकित्सीय स्थिति।"
Filariasis,तमिलनाडु/उष्णकटिबंधीय क्षेत्रों में सामान्य स्थिति। फाइलेरिया के लिए समय पर देखभाल की आवश्यकता होती है।
Food Poisoning (Acute),खाद्य विषाक्तता का एक विशिष्ट प्रकार। चिकित्सा देखभाल की आवश्यकता है.
Food Poisoning (Chronic),खाद्य विषाक्तता का एक विशिष्ट प्रकार। चिकित्सा देखभाल की आवश्यकता है.
Food Poisoning (Mild),खाद्य विषाक्तता का एक विशिष्ट प्रकार। चिकित्सा देखभाल की आवश्यकता है.
Food Poisoning (Severe),खाद्य विषाक्तता का एक विशिष्ट प्रकार। चिकित्सा देखभाल की आवश्यकता है.
Food Poisoning (Stage 1),खाद्य विषाक्तता का एक विशिष्ट प्रकार। चिकित्सा देखभाल की आवश्यकता है.
Food Poisoning,"एक चिकित्सीय स्थिति जिसमें मतली, उल्टी, पानी जैसा दस्त होता है।"
Fungal infection (Acute),फंगल संक्रमण का एक विशिष्ट प्रकार। चिकित्सा देखभाल की आवश्यकता है.
Fungal infection (Chronic),फंगल संक्रमण का एक विशिष्ट प्रकार। चिकित्सा देखभाल की आवश्यकता है.
Fungal infection (Mild),फंगल संक्रमण का एक विशिष्ट प्रकार। चिकित्सा देखभाल की आवश्यकता है.
Fungal infection (Severe),फंगल संक्रमण का एक विशिष्ट प्रकार। चिकित्सा देखभाल की आवश्यकता है.
Fungal infection (Stage 1),फंगल संक्रमण का एक विशिष्ट प्रकार। चिकित्सा देखभाल की आवश्यकता है.
Fungal infection,"मनुष्यों में, फंगल संक्रमण तब होता है जब एक आक्रमणकारी फंगस शरीर के एक क्षेत्र पर कब्ज़ा कर लेता है और प्रतिरक्षा प्रणाली के लिए इसे संभालना बहुत मुश्किल हो जाता है। कवक हवा, मिट्टी, पानी और पौधों में रह सकते हैं। कुछ कवक ऐसे भी हैं जो प्राकृतिक रूप से मानव शरीर में रहते हैं। कई रोगाणुओं की तरह, सहायक कवक और हानिकारक कवक भी होते हैं।"
GERD (Acute),जीईआरडी का एक विशिष्ट प्रकार। चिकित्सा देखभाल की आवश्यकता है.
GERD (Chronic),जीईआरडी का एक विशिष्ट प्रकार। चिकित्सा देखभाल की आवश्यकता है.
GERD (Mild),जीईआरडी का एक विशिष्ट प्रकार। चिकित्सा देखभाल की आवश्यकता है.
GERD (Severe),जीईआरडी का एक विशिष्ट प्रकार। चिकित्सा देखभाल की आवश्यकता है.
GERD (Stage 1),जीईआरडी का एक विशिष्ट प्रकार। चिकित्सा देखभाल की आवश्यकता है.
GERD,"गैस्ट्रोएसोफेगल रिफ्लक्स रोग, या जीईआरडी, एक पाचन विकार है जो निचले एसोफेजियल स्फिंक्टर (एलईएस), ग्रासनली और पेट के बीच की मांसपेशियों की अंगूठी को प्रभावित करता है। गर्भवती महिलाओं सहित कई लोग जीईआरडी के कारण होने वाली सीने में जलन या एसिड अपच से पीड़ित होते हैं।"
Gallstones (Acute),पित्ताशय की पथरी का एक विशिष्ट प्रकार। चिकित्सा देखभाल की आवश्यकता है.
Gallstones (Chronic),पित्ताशय की पथरी का एक विशिष्ट प्रकार। चिकित्सा देखभाल की आवश्यकता है.
Gallstones (Mild),पित्ताशय की पथरी का एक विशिष्ट प्रकार। चिकित्सा देखभाल की आवश्यकता है.
Gallstones (Severe),पित्ताशय की पथरी का एक विशिष्ट प्रकार। चिकित्सा देखभाल की आवश्यकता है.
Gallstones (Stage 1),पित्ताशय की पथरी का एक विशिष्ट प्रकार। चिकित्सा देखभाल की आवश्यकता है.
Gallstones,"एक चिकित्सीय स्थिति जिसमें दाएं पेट के ऊपरी हिस्से में अचानक दर्द, पेट के मध्य भाग में अचानक दर्द, पीठ में दर्द होता है।"
Gastroenteritis (Acute),गैस्ट्रोएंटेराइटिस का एक विशिष्ट प्रकार। चिकित्सा देखभाल की आवश्यकता है.
Gastroenteritis (Chronic),गैस्ट्रोएंटेराइटिस का एक विशिष्ट प्रकार। चिकित्सा देखभाल की आवश्यकता है.
Gastroenteritis (Mild),गैस्ट्रोएंटेराइटिस का एक विशिष्ट प्रकार। चिकित्सा देखभाल की आवश्यकता है.
Gastroenteritis (Severe),गैस्ट्रोएंटेराइटिस का एक विशिष्ट प्रकार। चिकित्सा देखभाल की आवश्यकता है.
Gastroenteritis (Stage 1),गैस्ट्रोएंटेराइटिस का एक विशिष्ट प्रकार। चिकित्सा देखभाल की आवश्यकता है.
Gastroenteritis,"गैस्ट्रोएंटेराइटिस पाचन तंत्र, विशेष रूप से पेट और बड़ी और छोटी आंतों की सूजन है। वायरल और बैक्टीरियल गैस्ट्रोएंटेराइटिस आंतों के संक्रमण हैं जो दस्त, पेट में ऐंठन, मतली और उल्टी के लक्षणों से जुड़े होते हैं।"
Glaucoma (Acute),ग्लूकोमा का एक विशिष्ट प्रकार। चिकित्सा देखभाल की आवश्यकता है.
Glaucoma (Chronic),ग्लूकोमा का एक विशिष्ट प्रकार। चिकित्सा देखभाल की आवश्यकता है.
Glaucoma (Mild),ग्लूकोमा का एक विशिष्ट प्रकार। चिकित्सा देखभाल की आवश्यकता है.
Glaucoma (Severe),ग्लूकोमा का एक विशिष्ट प्रकार। चिकित्सा देखभाल की आवश्यकता है.
Glaucoma (Stage 1),ग्लूकोमा का एक विशिष्ट प्रकार। चिकित्सा देखभाल की आवश्यकता है.
Glaucoma,"एक चिकित्सीय स्थिति जिसमें पैची_ब्लाइंड_स्पॉट्स, टनल_विज़न, गंभीर_सिरदर्द शामिल हैं।"
Gout (Acute),गठिया का एक विशिष्ट प्रकार। चिकित्सा देखभाल की आवश्यकता है.
Gout (Chronic),गठिया का एक विशिष्ट प्रकार। चिकित्सा देखभाल की आवश्यकता है.
Gout (Mild),गठिया का एक विशिष्ट प्रकार। चिकित्सा देखभाल की आवश्यकता है.
Gout (Severe),गठिया का एक विशिष्ट प्रकार। चिकित्सा देखभाल की आवश्यकता है.
Gout (Stage 1),गठिया का एक विशिष्ट प्रकार। चिकित्सा देखभाल की आवश्यकता है.
Gout,"एक चिकित्सीय स्थिति जिसमें जोड़ों में तीव्र दर्द, लंबे समय तक असुविधा, सूजन और लालिमा होती है।"
Heart attack (Acute),हार्ट अटैक का एक विशिष्ट प्रकार। चिकित्सा देखभाल की आवश्यकता है.
Heart attack (Chronic),हार्ट अटैक का एक विशिष्ट प्रकार। चिकित्सा देखभाल की आवश्यकता है.
Heart attack (Mild),हार्ट अटैक का एक विशिष्ट प्रकार। चिकित्सा देखभाल की आवश्यकता है.
Heart attack (Severe),हार्ट अटैक का एक विशिष्ट प्रकार। चिकित्सा देखभाल की आवश्यकता है.
Heart attack (Stage 1),हार्ट अटैक का एक विशिष्ट प्रकार। चिकित्सा देखभाल की आवश्यकता है.
Heart attack,"रक्त की आपूर्ति में कमी के कारण हृदय की मांसपेशियों की मृत्यु। रक्त आपूर्ति की हानि आमतौर पर कोरोनरी धमनी के पूर्ण अवरोध के कारण होती है, जो हृदय की मांसपेशियों को रक्त की आपूर्ति करने वाली धमनियों में से एक है।"
Heat Stroke,तमिलनाडु/उष्णकटिबंधीय क्षेत्रों में सामान्य स्थिति। हीट स्ट्रोक के लिए समय पर देखभाल की आवश्यकता होती है।
Hepatitis B (Acute),हेपेटाइटिस बी के एक विशिष्ट प्रकार के लिए चिकित्सा देखभाल की आवश्यकता होती है।
Hepatitis B (Chronic),हेपेटाइटिस बी के एक विशिष्ट प्रकार के लिए चिकित्सा देखभाल की आवश्यकता होती है।
Hepatitis B (Mild),हेपेटाइटिस बी के एक विशिष्ट प्रकार के लिए चिकित्सा देखभाल की आवश्यकता होती है।
Hepatitis B (Severe),हेपेटाइटिस बी के एक विशिष्ट प्रकार के लिए चिकित्सा देखभाल की आवश्यकता होती है।
Hepatitis B (Stage 1),हेपेटाइटिस बी के एक विशिष्ट प्रकार के लिए चिकित्सा देखभाल की आवश्यकता होती है।
Hepatitis B,"हेपेटाइटिस बी आपके लीवर का संक्रमण है। इससे अंग पर घाव, लीवर की विफलता और कैंसर हो सकता है। अगर इसका इलाज न किया जाए तो यह घातक हो सकता है। यह तब फैलता है जब लोग हेपेटाइटिस बी वायरस से पीड़ित किसी व्यक्ति के रक्त, खुले घावों या शरीर के तरल पदार्थों के संपर्क में आते हैं।"
Hepatitis C (Acute),हेपेटाइटिस सी के एक विशिष्ट प्रकार के लिए चिकित्सा देखभाल की आवश्यकता होती है।
Hepatitis C (Chronic),हेपेटाइटिस सी के एक विशिष्ट प्रकार के लिए चिकित्सा देखभाल की आवश्यकता होती है।
Hepatitis C (Mild),हेपेटाइटिस सी के एक विशिष्ट प्रकार के लिए चिकित्सा देखभाल की आवश्यकता होती है।
Hepatitis C (Severe),हेपेटाइटिस सी के एक विशिष्ट प्रकार के लिए चिकित्सा देखभाल की आवश्यकता होती है।
Hepatitis C (Stage 1),हेपेटाइटिस सी के एक विशिष्ट प्रकार के लिए चिकित्सा देखभाल की आवश्यकता होती है।
Hepatitis C,"हेपेटाइटिस सी वायरस (एचसीवी) के कारण यकृत की सूजन, जो आमतौर पर रक्त आधान (दुर्लभ), हेमोडायलिसिस और सुई चुभन के माध्यम से फैलती है। हेपेटाइटिस सी लीवर को जो नुकसान पहुंचाता है, उससे सिरोसिस और इसकी जटिलताओं के साथ-साथ कैंसर भी हो सकता है।"
Hepatitis D (Acute),हेपेटाइटिस डी के एक विशिष्ट प्रकार के लिए चिकित्सा देखभाल की आवश्यकता होती है।
Hepatitis D (Chronic),हेपेटाइटिस डी के एक विशिष्ट प्रकार के लिए चिकित्सा देखभाल की आवश्यकता होती है।
Hepatitis D (Mild),हेपेटाइटिस डी के एक विशिष्ट प्रकार के लिए चिकित्सा देखभाल की आवश्यकता होती है।
Hepatitis D (Severe),हेपेटाइटिस डी के एक विशिष्ट प्रकार के लिए चिकित्सा देखभाल की आवश्यकता होती है।
Hepatitis D (Stage 1),हेपेटाइटिस डी के एक विशिष्ट प्रकार के लिए चिकित्सा देखभाल की आवश्यकता होती है।
Hepatitis D,"हेपेटाइटिस डी, जिसे हेपेटाइटिस डेल्टा वायरस भी कहा जाता है, एक संक्रमण है जिसके कारण लीवर में सूजन हो जाती है। यह सूजन लीवर की कार्यप्रणाली को ख़राब कर सकती है और लीवर में घाव और कैंसर सहित दीर्घकालिक लीवर की समस्याएं पैदा कर सकती है। यह स्थिति हेपेटाइटिस डी वायरस (एचडीवी) के कारण होती है।"
Hepatitis E (Acute),हेपेटाइटिस ई के एक विशिष्ट प्रकार के लिए चिकित्सा देखभाल की आवश्यकता होती है।
Hepatitis E (Chronic),हेपेटाइटिस ई के एक विशिष्ट प्रकार के लिए चिकित्सा देखभाल की आवश्यकता होती है।
Hepatitis E (Mild),हेपेटाइटिस ई के एक विशिष्ट प्रकार के लिए चिकित्सा देखभाल की आवश्यकता होती है।
Hepatitis E (Severe),हेपेटाइटिस ई के एक विशिष्ट प्रकार के लिए चिकित्सा देखभाल की आवश्यकता होती है।
Hepatitis E (Stage 1),हेपेटाइटिस ई के एक विशिष्ट प्रकार के लिए चिकित्सा देखभाल की आवश्यकता होती है।
Hepatitis E,हेपेटाइटिस ई वायरस (एचईवी) के संक्रमण के कारण होने वाली जिगर की सूजन का एक दुर्लभ रूप। यह किसी संक्रमित व्यक्ति द्वारा संभाले गए भोजन या पेय के माध्यम से या उन क्षेत्रों में संक्रमित जल आपूर्ति के माध्यम से फैलता है जहां मल पानी में मिल सकता है। हेपेटाइटिस ई क्रोनिक लिवर रोग का कारण नहीं बनता है।
Hernia (Acute),हर्निया का एक विशिष्ट प्रकार। चिकित्सा देखभाल की आवश्यकता है.
Hernia (Chronic),हर्निया का एक विशिष्ट प्रकार। चिकित्सा देखभाल की आवश्यकता है.
Hernia (Mild),हर्निया का एक विशिष्ट प्रकार। चिकित्सा देखभाल की आवश्यकता है.
Hernia (Severe),हर्निया का एक विशिष्ट प्रकार। चिकित्सा देखभाल की आवश्यकता है.
Hernia (Stage 1),हर्निया का एक विशिष्ट प्रकार। चिकित्सा देखभाल की आवश्यकता है.
Hernia,"एक चिकित्सीय स्थिति जिसमें उभार या गांठ, दर्द या बेचैनी, कमजोरी या दबाव होता है।"
Hypertension  (Acute),उच्च रक्तचाप का एक विशिष्ट प्रकार। चिकित्सा देखभाल की आवश्यकता है.
Hypertension  (Chronic),उच्च रक्तचाप का एक विशिष्ट प्रकार। चिकित्सा देखभाल की आवश्यकता है.
Hypertension  (Mild),उच्च रक्तचाप का एक विशिष्ट प्रकार। चिकित्सा देखभाल की आवश्यकता है.
Hypertension  (Severe),उच्च रक्तचाप का एक विशिष्ट प्रकार। चिकित्सा देखभाल की आवश्यकता है.
Hypertension  (Stage 1),उच्च रक्तचाप का एक विशिष्ट प्रकार। चिकित्सा देखभाल की आवश्यकता है.
Hypertension (Acute),उच्च रक्तचाप का एक विशिष्ट प्रकार। चिकित्सा देखभाल की आवश्यकता है.
Hypertension (Chronic),उच्च रक्तचाप का एक विशिष्ट प्रकार। चिकित्सा देखभाल की आवश्यकता है.
Hypertension (High BP) (Acute),उच्च रक्तचाप का एक विशिष्ट प्रकार। चिकित्सा देखभाल की आवश्यकता है.
Hypertension (High BP) (Chronic),उच्च रक्तचाप का एक विशिष्ट प्रकार। चिकित्सा देखभाल की आवश्यकता है.
Hypertension (High BP) (Mild),उच्च रक्तचाप का एक विशिष्ट प्रकार। चिकित्सा देखभाल की आवश्यकता है.
Hypertension (High BP) (Severe),उच्च रक्तचाप का एक विशिष्ट प्रकार। चिकित्सा देखभाल की आवश्यकता है.
Hypertension (High BP) (Stage 1),उच्च रक्तचाप का एक विशिष्ट प्रकार। चिकित्सा देखभाल की आवश्यकता है.
Hypertension (High BP),"एक चिकित्सीय स्थिति जिसमें गंभीर सिरदर्द, नाक से खून आना, थकान शामिल है।"
Hypertension (Mild),उच्च रक्तचाप का एक विशिष्ट प्रकार। चिकित्सा देखभाल की आवश्यकता है.
Hypertension (Severe),उच्च रक्तचाप का एक विशिष्ट प्रकार। चिकित्सा देखभाल की आवश्यकता है.
Hypertension (Stage 1),उच्च रक्तचाप का एक विशिष्ट प्रकार। चिकित्सा देखभाल की आवश्यकता है.
Hypertension ,"उच्च रक्तचाप (एचटीएन या एचटी), जिसे उच्च रक्तचाप (एचबीपी) के रूप में भी जाना जाता है, एक दीर्घकालिक चिकित्सा स्थिति है जिसमें धमनियों में रक्तचाप लगातार बढ़ जाता है। उच्च रक्तचाप आमतौर पर लक्षण पैदा नहीं करता है।"
Hypertension,"उच्च रक्तचाप (एचटीएन या एचटी), जिसे उच्च रक्तचाप (एचबीपी) के रूप में भी जाना जाता है, एक दीर्घकालिक चिकित्सा स्थिति है जिसमें धमनियों में रक्तचाप लगातार बढ़ जाता है। उच्च रक्तचाप आमतौर पर लक्षण पैदा नहीं करता है।"
Hyperthyroidism (Acute),हाइपरथायरायडिज्म का एक विशिष्ट प्रकार। चिकित्सा देखभाल की आवश्यकता है.
Hyperthyroidism (Chronic),हाइपरथायरायडिज्म का एक विशिष्ट प्रकार। चिकित्सा देखभाल की आवश्यकता है.
Hyperthyroidism (Mild),हाइपरथायरायडिज्म का एक विशिष्ट प्रकार। चिकित्सा देखभाल की आवश्यकता है.
Hyperthyroidism (Severe),हाइपरथायरायडिज्म का एक विशिष्ट प्रकार। चिकित्सा देखभाल की आवश्यकता है.
Hyperthyroidism (Stage 1),हाइपरथायरायडिज्म का एक विशिष्ट प्रकार। चिकित्सा देखभाल की आवश्यकता है.
Hyperthyroidism,"हाइपरथायरायडिज्म (अति सक्रिय थायरॉयड) तब होता है जब आपकी थायरॉयड ग्रंथि थायरोक्सिन हार्मोन का बहुत अधिक उत्पादन करती है। हाइपरथायरायडिज्म आपके शरीर के चयापचय को तेज कर सकता है, जिससे अनजाने में वजन कम हो सकता है और दिल की धड़कन तेज या अनियमित हो सकती है।"
Hypoglycemia (Acute),हाइपोग्लाइसीमिया का एक विशिष्ट प्रकार। चिकित्सा देखभाल की आवश्यकता है.
Hypoglycemia (Chronic),हाइपोग्लाइसीमिया का एक विशिष्ट प्रकार। चिकित्सा देखभाल की आवश्यकता है.
Hypoglycemia (Mild),हाइपोग्लाइसीमिया का एक विशिष्ट प्रकार। चिकित्सा देखभाल की आवश्यकता है.
Hypoglycemia (Severe),हाइपोग्लाइसीमिया का एक विशिष्ट प्रकार। चिकित्सा देखभाल की आवश्यकता है.
Hypoglycemia (Stage 1),हाइपोग्लाइसीमिया का एक विशिष्ट प्रकार। चिकित्सा देखभाल की आवश्यकता है.
Hypoglycemia,हाइपोग्लाइसीमिया एक ऐसी स्थिति है जिसमें आपके रक्त शर्करा (ग्लूकोज) का स्तर सामान्य से कम होता है। ग्लूकोज आपके शरीर का मुख्य ऊर्जा स्रोत है। हाइपोग्लाइसीमिया अक्सर मधुमेह के उपचार से संबंधित होता है। लेकिन अन्य दवाएं और विभिन्न प्रकार की स्थितियां - कई दुर्लभ - उन लोगों में निम्न रक्त शर्करा का कारण बन सकती हैं जिन्हें मधुमेह नहीं है।
Hypothyroidism (Acute),हाइपोथायरायडिज्म का एक विशिष्ट प्रकार। चिकित्सा देखभाल की आवश्यकता है.
Hypothyroidism (Chronic),हाइपोथायरायडिज्म का एक विशिष्ट प्रकार। चिकित्सा देखभाल की आवश्यकता है.
Hypothyroidism (Mild),हाइपोथायरायडिज्म का एक विशिष्ट प्रकार। चिकित्सा देखभाल की आवश्यकता है.
Hypothyroidism (Severe),हाइपोथायरायडिज्म का एक विशिष्ट प्रकार। चिकित्सा देखभाल की आवश्यकता है.
Hypothyroidism (Stage 1),हाइपोथायरायडिज्म का एक विशिष्ट प्रकार। चिकित्सा देखभाल की आवश्यकता है.
Hypothyroidism,"हाइपोथायरायडिज्म, जिसे अंडरएक्टिव थायराइड या कम थायराइड भी कहा जाता है, अंतःस्रावी तंत्र का एक विकार है जिसमें थायरॉयड ग्रंथि पर्याप्त थायराइड हार्मोन का उत्पादन नहीं करती है।"
Impetigo (Acute),इम्पेटिगो का एक विशिष्ट प्रकार। चिकित्सा देखभाल की आवश्यकता है.
Impetigo (Chronic),इम्पेटिगो का एक विशिष्ट प्रकार। चिकित्सा देखभाल की आवश्यकता है.
Impetigo (Mild),इम्पेटिगो का एक विशिष्ट प्रकार। चिकित्सा देखभाल की आवश्यकता है.
Impetigo (Severe),इम्पेटिगो का एक विशिष्ट प्रकार। चिकित्सा देखभाल की आवश्यकता है.
Impetigo (Stage 1),इम्पेटिगो का एक विशिष्ट प्रकार। चिकित्सा देखभाल की आवश्यकता है.
Impetigo,"इम्पेटिगो (im-puh-TIE-go) एक आम और अत्यधिक संक्रामक त्वचा संक्रमण है जो मुख्य रूप से शिशुओं और बच्चों को प्रभावित करता है। इम्पेटिगो आमतौर पर चेहरे पर लाल घावों के रूप में दिखाई देता है, खासकर बच्चे की नाक और मुंह के आसपास, और हाथों और पैरों पर। घाव फट जाते हैं और शहद के रंग की पपड़ी बन जाती है।"
Influenza (Acute),इन्फ्लुएंजा का एक विशिष्ट प्रकार। चिकित्सा देखभाल की आवश्यकता है.
Influenza (Chronic),इन्फ्लुएंजा का एक विशिष्ट प्रकार। चिकित्सा देखभाल की आवश्यकता है.
Influenza (Mild),इन्फ्लुएंजा का एक विशिष्ट प्रकार। चिकित्सा देखभाल की आवश्यकता है.
Influenza (Severe),इन्फ्लुएंजा का एक विशिष्ट प्रकार। चिकित्सा देखभाल की आवश्यकता है.
Influenza (Stage 1),इन्फ्लुएंजा का एक विशिष्ट प्रकार। चिकित्सा देखभाल की आवश्यकता है.
Influenza,"एक चिकित्सीय स्थिति जिसमें बुखार, ठंड लगना, मांसपेशियों में दर्द होता है।"
Insomnia (Acute),अनिद्रा का एक विशिष्ट प्रकार। चिकित्सा देखभाल की आवश्यकता है.
Insomnia (Chronic),अनिद्रा का एक विशिष्ट प्रकार। चिकित्सा देखभाल की आवश्यकता है.
Insomnia (Mild),अनिद्रा का एक विशिष्ट प्रकार। चिकित्सा देखभाल की आवश्यकता है.
Insomnia (Severe),अनिद्रा का एक विशिष्ट प्रकार। चिकित्सा देखभाल की आवश्यकता है.
Insomnia (Stage 1),अनिद्रा का एक विशिष्ट प्रकार। चिकित्सा देखभाल की आवश्यकता है.
Insomnia,"एक चिकित्सीय स्थिति जिसमें सोने में कठिनाई, रात में जागना, बहुत जल्दी जागना शामिल है।"
Iron Deficiency Anemia,तमिलनाडु/उष्णकटिबंधीय क्षेत्रों में सामान्य स्थिति। आयरन की कमी से होने वाले एनीमिया के लिए समय पर देखभाल की आवश्यकता होती है।
Jaundice (Acute),पीलिया का एक विशिष्ट प्रकार। चिकित्सा देखभाल की आवश्यकता है.
Jaundice (Chronic),पीलिया का एक विशिष्ट प्रकार। चिकित्सा देखभाल की आवश्यकता है.
Jaundice (Mild),पीलिया का एक विशिष्ट प्रकार। चिकित्सा देखभाल की आवश्यकता है.
Jaundice (Severe),पीलिया का एक विशिष्ट प्रकार। चिकित्सा देखभाल की आवश्यकता है.
Jaundice (Stage 1),पीलिया का एक विशिष्ट प्रकार। चिकित्सा देखभाल की आवश्यकता है.
Jaundice,"रक्त में पित्त वर्णक बिलीरुबिन के असामान्य रूप से उच्च स्तर के कारण त्वचा और श्वेतपटल (आंखों का सफेद भाग) का पीला पड़ना। पीलापन अन्य ऊतकों और शरीर के तरल पदार्थों तक फैल जाता है। पीलिया को एक समय ""मॉर्बस रेगियस"" (शाही बीमारी) कहा जाता था, यह विश्वास था कि केवल राजा का स्पर्श ही इसे ठीक कर सकता है।"
Kidney Stones (Acute),गुर्दे की पथरी का एक विशिष्ट प्रकार। चिकित्सा देखभाल की आवश्यकता है.
Kidney Stones (Chronic),गुर्दे की पथरी का एक विशिष्ट प्रकार। चिकित्सा देखभाल की आवश्यकता है.
Kidney Stones (Mild),गुर्दे की पथरी का एक विशिष्ट प्रकार। चिकित्सा देखभाल की आवश्यकता है.
Kidney Stones (Severe),गुर्दे की पथरी का एक विशिष्ट प्रकार। चिकित्सा देखभाल की आवश्यकता है.
Kidney Stones (Stage 1),गुर्दे की पथरी का एक विशिष्ट प्रकार। चिकित्सा देखभाल की आवश्यकता है.
Kidney Stones,"एक चिकित्सीय स्थिति जिसमें बगल और पीठ में गंभीर दर्द, पेशाब करने पर दर्द, गुलाबी_लाल_या_भूरा_मूत्र होता है।"
Leptospirosis,तमिलनाडु/उष्णकटिबंधीय क्षेत्रों में सामान्य स्थिति। लेप्टोस्पायरोसिस के लिए समय पर देखभाल की आवश्यकता होती है।
Liver Cirrhosis (Acute),लिवर सिरोसिस का एक विशिष्ट प्रकार। चिकित्सा देखभाल की आवश्यकता है.
Liver Cirrhosis (Chronic),लिवर सिरोसिस का एक विशिष्ट प्रकार। चिकित्सा देखभाल की आवश्यकता है.
Liver Cirrhosis (Mild),लिवर सिरोसिस का एक विशिष्ट प्रकार। चिकित्सा देखभाल की आवश्यकता है.
Liver Cirrhosis (Severe),लिवर सिरोसिस का एक विशिष्ट प्रकार। चिकित्सा देखभाल की आवश्यकता है.
Liver Cirrhosis (Stage 1),लिवर सिरोसिस का एक विशिष्ट प्रकार। चिकित्सा देखभाल की आवश्यकता है.
Liver Cirrhosis,"एक चिकित्सीय स्थिति जिसमें थकान, आसानी से रक्तस्राव या चोट लगना, भूख न लगना शामिल है।"
Lyme Disease (Acute),लाइम रोग का एक विशिष्ट प्रकार। चिकित्सा देखभाल की आवश्यकता है.
Lyme Disease (Chronic),लाइम रोग का एक विशिष्ट प्रकार। चिकित्सा देखभाल की आवश्यकता है.
Lyme Disease (Mild),लाइम रोग का एक विशिष्ट प्रकार। चिकित्सा देखभाल की आवश्यकता है.
Lyme Disease (Severe),लाइम रोग का एक विशिष्ट प्रकार। चिकित्सा देखभाल की आवश्यकता है.
Lyme Disease (Stage 1),लाइम रोग का एक विशिष्ट प्रकार। चिकित्सा देखभाल की आवश्यकता है.
Lyme Disease,लाइम रोग का एक विशिष्ट प्रकार। चिकित्सा देखभाल की आवश्यकता है.
Madras Eye (Conjunctivitis),तमिलनाडु/उष्णकटिबंधीय क्षेत्रों में सामान्य स्थिति। मद्रास आई (नेत्रश्लेष्मलाशोथ) को समय पर देखभाल की आवश्यकता होती है।
Malaria (Acute),मलेरिया का एक विशिष्ट प्रकार। चिकित्सा देखभाल की आवश्यकता है.
Malaria (Chronic),मलेरिया का एक विशिष्ट प्रकार। चिकित्सा देखभाल की आवश्यकता है.
Malaria (Mild),मलेरिया का एक विशिष्ट प्रकार। चिकित्सा देखभाल की आवश्यकता है.
Malaria (Severe),मलेरिया का एक विशिष्ट प्रकार। चिकित्सा देखभाल की आवश्यकता है.
Malaria (Stage 1),मलेरिया का एक विशिष्ट प्रकार। चिकित्सा देखभाल की आवश्यकता है.
Malaria,प्लास्मोडियम परिवार के प्रोटोजोआ परजीवियों के कारण होने वाला एक संक्रामक रोग जो एनोफिलिस मच्छर के काटने या दूषित सुई या ट्रांसफ्यूजन से फैल सकता है। फाल्सीपेरम मलेरिया सबसे घातक प्रकार है।
Measles (Acute),खसरे का एक विशिष्ट प्रकार। चिकित्सा देखभाल की आवश्यकता है.
Measles (Chronic),खसरे का एक विशिष्ट प्रकार। चिकित्सा देखभाल की आवश्यकता है.
Measles (Mild),खसरे का एक विशिष्ट प्रकार। चिकित्सा देखभाल की आवश्यकता है.
Measles (Severe),खसरे का एक विशिष्ट प्रकार। चिकित्सा देखभाल की आवश्यकता है.
Measles (Stage 1),खसरे का एक विशिष्ट प्रकार। चिकित्सा देखभाल की आवश्यकता है.
Measles,"एक चिकित्सीय स्थिति जिसमें बुखार, सूखी खांसी, नाक बहना शामिल है।"
Melanoma (Acute),मेलेनोमा का एक विशिष्ट प्रकार. चिकित्सा देखभाल की आवश्यकता है.
Melanoma (Chronic),मेलेनोमा का एक विशिष्ट प्रकार. चिकित्सा देखभाल की आवश्यकता है.
Melanoma (Mild),मेलेनोमा का एक विशिष्ट प्रकार. चिकित्सा देखभाल की आवश्यकता है.
Melanoma (Severe),मेलेनोमा का एक विशिष्ट प्रकार. चिकित्सा देखभाल की आवश्यकता है.
Melanoma (Stage 1),मेलेनोमा का एक विशिष्ट प्रकार. चिकित्सा देखभाल की आवश्यकता है.
Melanoma,"एक चिकित्सीय स्थिति जिसमें असामान्य तिल, मौजूदा तिल में बदलाव, काले घाव शामिल हैं।"
Migraine (Acute),माइग्रेन का एक विशिष्ट प्रकार। चिकित्सा देखभाल की आवश्यकता है.
Migraine (Chronic),माइग्रेन का एक विशिष्ट प्रकार। चिकित्सा देखभाल की आवश्यकता है.
Migraine (Mild),माइग्रेन का एक विशिष्ट प्रकार। चिकित्सा देखभाल की आवश्यकता है.
Migraine (Severe),माइग्रेन का एक विशिष्ट प्रकार। चिकित्सा देखभाल की आवश्यकता है.
Migraine (Stage 1),माइग्रेन का एक विशिष्ट प्रकार। चिकित्सा देखभाल की आवश्यकता है.
Migraine,"माइग्रेन के कारण आमतौर पर सिर के एक तरफ गंभीर धड़कते हुए दर्द या धड़कन की अनुभूति हो सकती है। यह अक्सर मतली, उल्टी और प्रकाश और ध्वनि के प्रति अत्यधिक संवेदनशीलता के साथ होता है। माइग्रेन का दौरा घंटों से लेकर कई दिनों तक रह सकता है, और दर्द इतना गंभीर हो सकता है कि यह आपकी दैनिक गतिविधियों में हस्तक्षेप कर सकता है।"
Mumps (Acute),कण्ठमाला का एक विशिष्ट प्रकार। चिकित्सा देखभाल की आवश्यकता है.
Mumps (Chronic),कण्ठमाला का एक विशिष्ट प्रकार। चिकित्सा देखभाल की आवश्यकता है.
Mumps (Mild),कण्ठमाला का एक विशिष्ट प्रकार। चिकित्सा देखभाल की आवश्यकता है.
Mumps (Severe),कण्ठमाला का एक विशिष्ट प्रकार। चिकित्सा देखभाल की आवश्यकता है.
Mumps (Stage 1),कण्ठमाला का एक विशिष्ट प्रकार। चिकित्सा देखभाल की आवश्यकता है.
Mumps,"एक चिकित्सीय स्थिति जिसमें लार ग्रंथियों में सूजन, चबाने पर दर्द, बुखार होता है।"
Osteoarthristis (Acute),ऑस्टियोआर्थराइटिस का एक विशिष्ट प्रकार। चिकित्सा देखभाल की आवश्यकता है.
Osteoarthristis (Chronic),ऑस्टियोआर्थराइटिस का एक विशिष्ट प्रकार। चिकित्सा देखभाल की आवश्यकता है.
Osteoarthristis (Mild),ऑस्टियोआर्थराइटिस का एक विशिष्ट प्रकार। चिकित्सा देखभाल की आवश्यकता है.
Osteoarthristis (Severe),ऑस्टियोआर्थराइटिस का एक विशिष्ट प्रकार। चिकित्सा देखभाल की आवश्यकता है.
Osteoarthristis (Stage 1),ऑस्टियोआर्थराइटिस का एक विशिष्ट प्रकार। चिकित्सा देखभाल की आवश्यकता है.
Osteoarthristis,"ऑस्टियोआर्थराइटिस गठिया का सबसे आम रूप है, जो दुनिया भर में लाखों लोगों को प्रभावित करता है। यह तब होता है जब आपकी हड्डियों के सिरों को सहारा देने वाली सुरक्षात्मक उपास्थि समय के साथ खराब हो जाती है।"
Osteoporosis (Acute),ऑस्टियोपोरोसिस का एक विशिष्ट प्रकार। चिकित्सा देखभाल की आवश्यकता है.
Osteoporosis (Chronic),ऑस्टियोपोरोसिस का एक विशिष्ट प्रकार। चिकित्सा देखभाल की आवश्यकता है.
Osteoporosis (Mild),ऑस्टियोपोरोसिस का एक विशिष्ट प्रकार। चिकित्सा देखभाल की आवश्यकता है.
Osteoporosis (Severe),ऑस्टियोपोरोसिस का एक विशिष्ट प्रकार। चिकित्सा देखभाल की आवश्यकता है.
Osteoporosis (Stage 1),ऑस्टियोपोरोसिस का एक विशिष्ट प्रकार। चिकित्सा देखभाल की आवश्यकता है.
Osteoporosis,"एक चिकित्सीय स्थिति जिसमें पीठ में दर्द, ऊंचाई में कमी, झुकी हुई मुद्रा शामिल है।"
Otitis Media (Ear Infection),"एक चिकित्सीय स्थिति जिसमें कान में दर्द, नींद में परेशानी, सुनने में परेशानी होती है।"
Pancreatitis (Acute),अग्नाशयशोथ का एक विशिष्ट प्रकार। चिकित्सा देखभाल की आवश्यकता है.
Pancreatitis (Chronic),अग्नाशयशोथ का एक विशिष्ट प्रकार। चिकित्सा देखभाल की आवश्यकता है.
Pancreatitis (Mild),अग्नाशयशोथ का एक विशिष्ट प्रकार। चिकित्सा देखभाल की आवश्यकता है.
Pancreatitis (Severe),अग्नाशयशोथ का एक विशिष्ट प्रकार। चिकित्सा देखभाल की आवश्यकता है.
Pancreatitis (Stage 1),अग्नाशयशोथ का एक विशिष्ट प्रकार। चिकित्सा देखभाल की आवश्यकता है.
Pancreatitis,"एक चिकित्सीय स्थिति जिसमें ऊपरी पेट में दर्द होता है, पेट का दर्द पीठ तक फैलता है, पेट का दर्द खाने के बाद बिगड़ जाता है।"
Paralysis (brain hemorrhage) (Acute),पक्षाघात का एक विशिष्ट प्रकार। चिकित्सा देखभाल की आवश्यकता है.
Paralysis (brain hemorrhage) (Chronic),पक्षाघात का एक विशिष्ट प्रकार। चिकित्सा देखभाल की आवश्यकता है.
Paralysis (brain hemorrhage) (Mild),पक्षाघात का एक विशिष्ट प्रकार। चिकित्सा देखभाल की आवश्यकता है.
Paralysis (brain hemorrhage) (Severe),पक्षाघात का एक विशिष्ट प्रकार। चिकित्सा देखभाल की आवश्यकता है.
Paralysis (brain hemorrhage) (Stage 1),पक्षाघात का एक विशिष्ट प्रकार। चिकित्सा देखभाल की आवश्यकता है.
Paralysis (brain hemorrhage),"इंट्रासेरेब्रल हेमरेज (आईसीएच) तब होता है जब रक्त अचानक मस्तिष्क के ऊतकों में फूट जाता है, जिससे आपके मस्तिष्क को नुकसान होता है। ICH के दौरान लक्षण आमतौर पर अचानक प्रकट होते हैं। इनमें सिरदर्द, कमजोरी, भ्रम और पक्षाघात शामिल हैं, खासकर आपके शरीर के एक तरफ का पक्षाघात।"
Peptic ulcer diseae (Acute),पेप्टिक अल्सर रोग का एक विशिष्ट प्रकार। चिकित्सा देखभाल की आवश्यकता है.
Peptic ulcer diseae (Chronic),पेप्टिक अल्सर रोग का एक विशिष्ट प्रकार। चिकित्सा देखभाल की आवश्यकता है.
Peptic ulcer diseae (Mild),पेप्टिक अल्सर रोग का एक विशिष्ट प्रकार। चिकित्सा देखभाल की आवश्यकता है.
Peptic ulcer diseae (Severe),पेप्टिक अल्सर रोग का एक विशिष्ट प्रकार। चिकित्सा देखभाल की आवश्यकता है.
Peptic ulcer diseae (Stage 1),पेप्टिक अल्सर रोग का एक विशिष्ट प्रकार। चिकित्सा देखभाल की आवश्यकता है.
Peptic ulcer diseae,"पेप्टिक अल्सर रोग (पीयूडी) पेट की अंदरूनी परत, छोटी आंत के पहले भाग, या कभी-कभी निचले अन्नप्रणाली में एक दरार है। पेट में होने वाले अल्सर को गैस्ट्रिक अल्सर कहा जाता है, जबकि आंतों के पहले भाग में होने वाले अल्सर को डुओडनल अल्सर कहा जाता है।"
Pneumonia (Acute),निमोनिया का एक विशिष्ट प्रकार। चिकित्सा देखभाल की आवश्यकता है.
Pneumonia (Chronic),निमोनिया का एक विशिष्ट प्रकार। चिकित्सा देखभाल की आवश्यकता है.
Pneumonia (Mild),निमोनिया का एक विशिष्ट प्रकार। चिकित्सा देखभाल की आवश्यकता है.
Pneumonia (Severe),निमोनिया का एक विशिष्ट प्रकार। चिकित्सा देखभाल की आवश्यकता है.
Pneumonia (Stage 1),निमोनिया का एक विशिष्ट प्रकार। चिकित्सा देखभाल की आवश्यकता है.
Pneumonia,"निमोनिया एक या दोनों फेफड़ों में होने वाला संक्रमण है। बैक्टीरिया, वायरस और कवक इसका कारण बनते हैं। संक्रमण के कारण आपके फेफड़ों में वायु की थैलियों में सूजन आ जाती है, जिन्हें एल्वियोली कहा जाता है। एल्वियोली द्रव या मवाद से भर जाती है, जिससे सांस लेना मुश्किल हो जाता है।"
Psoriasis (Acute),सोरायसिस का एक विशिष्ट प्रकार। चिकित्सा देखभाल की आवश्यकता है.
Psoriasis (Chronic),सोरायसिस का एक विशिष्ट प्रकार। चिकित्सा देखभाल की आवश्यकता है.
Psoriasis (Mild),सोरायसिस का एक विशिष्ट प्रकार। चिकित्सा देखभाल की आवश्यकता है.
Psoriasis (Severe),सोरायसिस का एक विशिष्ट प्रकार। चिकित्सा देखभाल की आवश्यकता है.
Psoriasis (Stage 1),सोरायसिस का एक विशिष्ट प्रकार। चिकित्सा देखभाल की आवश्यकता है.
Psoriasis,"सोरायसिस एक आम त्वचा विकार है जो चांदी की पपड़ियों से ढके मोटे, लाल, ऊबड़-खाबड़ पैच बनाता है। वे कहीं भी उभर सकते हैं, लेकिन ज्यादातर खोपड़ी, कोहनी, घुटनों और पीठ के निचले हिस्से पर दिखाई देते हैं। सोरायसिस एक व्यक्ति से दूसरे व्यक्ति में नहीं फैल सकता। यह कभी-कभी एक ही परिवार के सदस्यों में होता है।"
Rabies (Acute),रेबीज़ का एक विशिष्ट प्रकार। चिकित्सा देखभाल की आवश्यकता है.
Rabies (Chronic),रेबीज़ का एक विशिष्ट प्रकार। चिकित्सा देखभाल की आवश्यकता है.
Rabies (Mild),रेबीज़ का एक विशिष्ट प्रकार। चिकित्सा देखभाल की आवश्यकता है.
Rabies (Severe),रेबीज़ का एक विशिष्ट प्रकार। चिकित्सा देखभाल की आवश्यकता है.
Rabies (Stage 1),रेबीज़ का एक विशिष्ट प्रकार। चिकित्सा देखभाल की आवश्यकता है.
Rabies,"एक चिकित्सीय स्थिति जिसमें बुखार, सिरदर्द, मतली होती है।"
Ringworm (Acute),दाद का एक विशिष्ट प्रकार। चिकित्सा देखभाल की आवश्यकता है.
Ringworm (Chronic),दाद का एक विशिष्ट प्रकार। चिकित्सा देखभाल की आवश्यकता है.
Ringworm (Mild),दाद का एक विशिष्ट प्रकार। चिकित्सा देखभाल की आवश्यकता है.
Ringworm (Severe),दाद का एक विशिष्ट प्रकार। चिकित्सा देखभाल की आवश्यकता है.
Ringworm (Stage 1),दाद का एक विशिष्ट प्रकार। चिकित्सा देखभाल की आवश्यकता है.
Ringworm,"एक चिकित्सीय स्थिति जिसमें पपड़ीदार अंगूठी के आकार का क्षेत्र, खुजली, लाल पपड़ीदार_फटी_त्वचा होती है।"
Rosacea (Acute),रोसैसिया का एक विशिष्ट प्रकार। चिकित्सा देखभाल की आवश्यकता है.
Rosacea (Chronic),रोसैसिया का एक विशिष्ट प्रकार। चिकित्सा देखभाल की आवश्यकता है.
Rosacea (Mild),रोसैसिया का एक विशिष्ट प्रकार। चिकित्सा देखभाल की आवश्यकता है.
Rosacea (Severe),रोसैसिया का एक विशिष्ट प्रकार। चिकित्सा देखभाल की आवश्यकता है.
Rosacea (Stage 1),रोसैसिया का एक विशिष्ट प्रकार। चिकित्सा देखभाल की आवश्यकता है.
Rosacea,"एक चिकित्सीय स्थिति जिसमें चेहरे की लालिमा, सूजे हुए लाल उभार, आंखों की समस्याएं शामिल हैं।"
Rubella (Acute),रूबेला का एक विशिष्ट प्रकार। चिकित्सा देखभाल की आवश्यकता है.
Rubella (Chronic),रूबेला का एक विशिष्ट प्रकार। चिकित्सा देखभाल की आवश्यकता है.
Rubella (Mild),रूबेला का एक विशिष्ट प्रकार। चिकित्सा देखभाल की आवश्यकता है.
Rubella (Severe),रूबेला का एक विशिष्ट प्रकार। चिकित्सा देखभाल की आवश्यकता है.
Rubella (Stage 1),रूबेला का एक विशिष्ट प्रकार। चिकित्सा देखभाल की आवश्यकता है.
Rubella,"एक चिकित्सीय स्थिति जिसमें हल्का बुखार, सिरदर्द, भरी हुई नाक या बहती नाक शामिल है।"
Scabies (Acute),खुजली का एक विशिष्ट प्रकार। चिकित्सा देखभाल की आवश्यकता है.
Scabies (Chronic),खुजली का एक विशिष्ट प्रकार। चिकित्सा देखभाल की आवश्यकता है.
Scabies (Mild),खुजली का एक विशिष्ट प्रकार। चिकित्सा देखभाल की आवश्यकता है.
Scabies (Severe),खुजली का एक विशिष्ट प्रकार। चिकित्सा देखभाल की आवश्यकता है.
Scabies (Stage 1),खुजली का एक विशिष्ट प्रकार। चिकित्सा देखभाल की आवश्यकता है.
Scabies,"एक चिकित्सीय स्थिति जिसमें खुजली, पतली अनियमित बुर, छाले शामिल हैं।"
Scrub Typhus,तमिलनाडु/उष्णकटिबंधीय क्षेत्रों में सामान्य स्थिति। स्क्रब टाइफस को समय पर देखभाल की आवश्यकता होती है।
Sinusitis,"एक चिकित्सीय स्थिति जिसमें गाढ़ा_पीला_या_हरा_स्त्राव, नाक_रुकावट, आंखों_गालों_के_आसपास_दर्द_कोमलता_सूजन_होती है।"
Stroke (Acute),स्ट्रोक का एक विशिष्ट प्रकार. चिकित्सा देखभाल की आवश्यकता है.
Stroke (Chronic),स्ट्रोक का एक विशिष्ट प्रकार. चिकित्सा देखभाल की आवश्यकता है.
Stroke (Mild),स्ट्रोक का एक विशिष्ट प्रकार. चिकित्सा देखभाल की आवश्यकता है.
Stroke (Severe),स्ट्रोक का एक विशिष्ट प्रकार. चिकित्सा देखभाल की आवश्यकता है.
Stroke (Stage 1),स्ट्रोक का एक विशिष्ट प्रकार. चिकित्सा देखभाल की आवश्यकता है.
Stroke,"एक चिकित्सीय स्थिति जिसमें अचानक सुन्नता, भ्रम, बोलने में परेशानी होती है।"
Tetanus (Acute),टेटनस का एक विशिष्ट प्रकार। चिकित्सा देखभाल की आवश्यकता है.
Tetanus (Chronic),टेटनस का एक विशिष्ट प्रकार। चिकित्सा देखभाल की आवश्यकता है.
Tetanus (Mild),टेटनस का एक विशिष्ट प्रकार। चिकित्सा देखभाल की आवश्यकता है.
Tetanus (Severe),टेटनस का एक विशिष्ट प्रकार। चिकित्सा देखभाल की आवश्यकता है.
Tetanus (Stage 1),टेटनस का एक विशिष्ट प्रकार। चिकित्सा देखभाल की आवश्यकता है.
Tetanus,"एक चिकित्सीय स्थिति जिसमें जबड़े में ऐंठन, मांसपेशियों में ऐंठन, दर्दनाक मांसपेशियों में अकड़न होती है।"
Tonsillitis (Acute),टॉन्सिलाइटिस का एक विशिष्ट प्रकार। चिकित्सा देखभाल की आवश्यकता है.
Tonsillitis (Chronic),टॉन्सिलाइटिस का एक विशिष्ट प्रकार। चिकित्सा देखभाल की आवश्यकता है.
Tonsillitis (Mild),टॉन्सिलाइटिस का एक विशिष्ट प्रकार। चिकित्सा देखभाल की आवश्यकता है.
Tonsillitis (Severe),टॉन्सिलाइटिस का एक विशिष्ट प्रकार। चिकित्सा देखभाल की आवश्यकता है.
Tonsillitis (Stage 1),टॉन्सिलाइटिस का एक विशिष्ट प्रकार। चिकित्सा देखभाल की आवश्यकता है.
Tonsillitis,"एक चिकित्सीय स्थिति जिसमें टॉन्सिल में लाल सूजन, टॉन्सिल पर सफेद या पीली परत, गले में खराश होती है।"
Tuberculosis (Acute),क्षय रोग का एक विशिष्ट प्रकार। चिकित्सा देखभाल की आवश्यकता है.
Tuberculosis (Chronic),क्षय रोग का एक विशिष्ट प्रकार। चिकित्सा देखभाल की आवश्यकता है.
Tuberculosis (Mild),क्षय रोग का एक विशिष्ट प्रकार। चिकित्सा देखभाल की आवश्यकता है.
Tuberculosis (Severe),क्षय रोग का एक विशिष्ट प्रकार। चिकित्सा देखभाल की आवश्यकता है.
Tuberculosis (Stage 1),क्षय रोग का एक विशिष्ट प्रकार। चिकित्सा देखभाल की आवश्यकता है.
Tuberculosis,"क्षय रोग (टीबी) एक संक्रामक रोग है जो आमतौर पर माइकोबैक्टीरियम ट्यूबरकुलोसिस (एमटीबी) बैक्टीरिया के कारण होता है। तपेदिक आम तौर पर फेफड़ों को प्रभावित करता है, लेकिन शरीर के अन्य हिस्सों को भी प्रभावित कर सकता है। अधिकांश संक्रमणों में कोई लक्षण नहीं दिखते, ऐसी स्थिति में इसे गुप्त तपेदिक के रूप में जाना जाता है।"
Typhoid (Acute),टाइफाइड का एक विशिष्ट प्रकार। चिकित्सा देखभाल की आवश्यकता है.
Typhoid (Chronic),टाइफाइड का एक विशिष्ट प्रकार। चिकित्सा देखभाल की आवश्यकता है.
Typhoid (Mild),टाइफाइड का एक विशिष्ट प्रकार। चिकित्सा देखभाल की आवश्यकता है.
Typhoid (Severe),टाइफाइड का एक विशिष्ट प्रकार। चिकित्सा देखभाल की आवश्यकता है.
Typhoid (Stage 1),टाइफाइड का एक विशिष्ट प्रकार। चिकित्सा देखभाल की आवश्यकता है.
Typhoid,"साल्मोनेला टाइफी जीवाणु के संक्रमण के कारण होने वाले बुखार की विशेषता वाली एक गंभीर बीमारी। टाइफाइड बुखार की भयानक शुरुआत होती है, जिसमें बुखार, सिरदर्द, कब्ज, अस्वस्थता, ठंड लगना और मांसपेशियों में दर्द होता है। दस्त असामान्य है, और उल्टी आमतौर पर गंभीर नहीं होती है।"
Urinary Tract Infection (UTI) (Acute),मूत्र पथ संक्रमण का एक विशिष्ट प्रकार। चिकित्सा देखभाल की आवश्यकता है.
Urinary Tract Infection (UTI) (Chronic),मूत्र पथ संक्रमण का एक विशिष्ट प्रकार। चिकित्सा देखभाल की आवश्यकता है.
Urinary Tract Infection (UTI) (Mild),मूत्र पथ संक्रमण का एक विशिष्ट प्रकार। चिकित्सा देखभाल की आवश्यकता है.
Urinary Tract Infection (UTI) (Severe),मूत्र पथ संक्रमण का एक विशिष्ट प्रकार। चिकित्सा देखभाल की आवश्यकता है.
Urinary Tract Infection (UTI) (Stage 1),मूत्र पथ संक्रमण का एक विशिष्ट प्रकार। चिकित्सा देखभाल की आवश्यकता है.
Urinary Tract Infection (UTI),"एक चिकित्सीय स्थिति जिसमें पेशाब करने की तीव्र इच्छा, जलन, बादल छाए हुए मूत्र की विशेषता होती है।"
Urinary tract infection (Acute),मूत्र पथ के संक्रमण का एक विशिष्ट प्रकार। चिकित्सा देखभाल की आवश्यकता है.
Urinary tract infection (Chronic),मूत्र पथ के संक्रमण का एक विशिष्ट प्रकार। चिकित्सा देखभाल की आवश्यकता है.
Urinary tract infection (Mild),मूत्र पथ के संक्रमण का एक विशिष्ट प्रकार। चिकित्सा देखभाल की आवश्यकता है.
Urinary tract infection (Severe),मूत्र पथ के संक्रमण का एक विशिष्ट प्रकार। चिकित्सा देखभाल की आवश्यकता है.
Urinary tract infection (Stage 1),मूत्र पथ के संक्रमण का एक विशिष्ट प्रकार। चिकित्सा देखभाल की आवश्यकता है.
Urinary tract infection,"मूत्र पथ का संक्रमण: गुर्दे, मूत्रवाहिनी, मूत्राशय या मूत्रमार्ग का संक्रमण। संक्षिप्त रूप में यूटीआई. यूटीआई से पीड़ित हर किसी में लक्षण नहीं होते हैं, लेकिन सामान्य लक्षणों में बार-बार पेशाब करने की इच्छा होना और पेशाब करते समय दर्द या जलन शामिल है।"
Varicose veins (Acute),वैरिकाज़ नसों का एक विशिष्ट प्रकार। चिकित्सा देखभाल की आवश्यकता है.
Varicose veins (Chronic),वैरिकाज़ नसों का एक विशिष्ट प्रकार। चिकित्सा देखभाल की आवश्यकता है.
Varicose veins (Mild),वैरिकाज़ नसों का एक विशिष्ट प्रकार। चिकित्सा देखभाल की आवश्यकता है.
Varicose veins (Severe),वैरिकाज़ नसों का एक विशिष्ट प्रकार। चिकित्सा देखभाल की आवश्यकता है.
Varicose veins (Stage 1),वैरिकाज़ नसों का एक विशिष्ट प्रकार। चिकित्सा देखभाल की आवश्यकता है.
Varicose veins,"एक नस जो बढ़ गई है और मुड़ गई है, अक्सर एक उभरी हुई, नीली रक्त वाहिका के रूप में दिखाई देती है जो त्वचा के माध्यम से स्पष्ट रूप से दिखाई देती है। वैरिकाज़ नसें वृद्ध वयस्कों, विशेषकर महिलाओं में सबसे आम हैं, और विशेष रूप से पैरों पर होती हैं।"
Viral Fever (Acute),वायरल बुखार का एक विशिष्ट प्रकार। चिकित्सा देखभाल की आवश्यकता है.
Viral Fever (Chronic),वायरल बुखार का एक विशिष्ट प्रकार। चिकित्सा देखभाल की आवश्यकता है.
Viral Fever (Mild),वायरल बुखार का एक विशिष्ट प्रकार। चिकित्सा देखभाल की आवश्यकता है.
Viral Fever (Severe),वायरल बुखार का एक विशिष्ट प्रकार। चिकित्सा देखभाल की आवश्यकता है.
Viral Fever (Stage 1),वायरल बुखार का एक विशिष्ट प्रकार। चिकित्सा देखभाल की आवश्यकता है.
Viral Fever,वायरल बुखार का एक विशिष्ट प्रकार। चिकित्सा देखभाल की आवश्यकता है.
Whooping Cough (Acute),काली खांसी का एक विशिष्ट प्रकार। चिकित्सा देखभाल की आवश्यकता है.
Whooping Cough (Chronic),काली खांसी का एक विशिष्ट प्रकार। चिकित्सा देखभाल की आवश्यकता है.
Whooping Cough (Mild),काली खांसी का एक विशिष्ट प्रकार। चिकित्सा देखभाल की आवश्यकता है.
Whooping Cough (Severe),काली खांसी का एक विशिष्ट प्रकार। चिकित्सा देखभाल की आवश्यकता है.
Whooping Cough (Stage 1),काली खांसी का एक विशिष्ट प्रकार। चिकित्सा देखभाल की आवश्यकता है.
Whooping Cough,"एक चिकित्सीय स्थिति जिसमें नाक बहना, नाक बंद होना, आंखें लाल होना आदि शामिल हैं।"
Zika Virus (Acute),जीका वायरस का एक विशिष्ट प्रकार। चिकित्सा देखभाल की आवश्यकता है.
Zika Virus (Chronic),जीका वायरस का एक विशिष्ट प्रकार। चिकित्सा देखभाल की आवश्यकता है.
Zika Virus (Mild),जीका वायरस का एक विशिष्ट प्रकार। चिकित्सा देखभाल की आवश्यकता है.
Zika Virus (Severe),जीका वायरस का एक विशिष्ट प्रकार। चिकित्सा देखभाल की आवश्यकता है.
Zika Virus (Stage 1),जीका वायरस का एक विशिष्ट प्रकार। चिकित्सा देखभाल की आवश्यकता है.
Zika Virus,"एक चिकित्सीय स्थिति जिसमें हल्का बुखार, दाने, जोड़ों का दर्द होता है।"
hepatitis A (Acute),हेपेटाइटिस ए के एक विशिष्ट प्रकार के लिए चिकित्सा देखभाल की आवश्यकता होती है।
hepatitis A (Chronic),हेपेटाइटिस ए के एक विशिष्ट प्रकार के लिए चिकित्सा देखभाल की आवश्यकता होती है।
hepatitis A (Mild),हेपेटाइटिस ए के एक विशिष्ट प्रकार के लिए चिकित्सा देखभाल की आवश्यकता होती है।
hepatitis A (Severe),हेपेटाइटिस ए के एक विशिष्ट प्रकार के लिए चिकित्सा देखभाल की आवश्यकता होती है।
hepatitis A (Stage 1),हेपेटाइटिस ए के एक विशिष्ट प्रकार के लिए चिकित्सा देखभाल की आवश्यकता होती है।
hepatitis A,हेपेटाइटिस ए एक अत्यधिक संक्रामक यकृत संक्रमण है जो हेपेटाइटिस ए वायरस के कारण होता है। यह वायरस कई प्रकार के हेपेटाइटिस वायरस में से एक है जो सूजन का कारण बनता है और आपके लीवर की कार्य करने की क्षमता को प्रभावित करता है।
